{"chunk_definitions":[{"row":27,"row_count":1,"visible":true,"expansion_state":0,"options":{"engine":"r","label":"setup","include":false,"echo":false},"document_id":"F419639F","chunk_id":"csetup_chunk","chunk_label":"setup"},{"row":166,"row_count":1,"visible":true,"expansion_state":0,"options":{"engine":"r","echo":false,"label":"unnamed-chunk-9"},"document_id":"F419639F","chunk_id":"cmv1uall2e9gy","chunk_label":"unnamed-chunk-7"}],"doc_write_time":1698605884,"working_dir":null,"default_chunk_options":{}}