{"chunk_definitions":[{"row":23,"row_count":1,"visible":true,"expansion_state":0,"options":{"engine":"r","label":"setup","include":false,"echo":false},"document_id":"F419639F","chunk_id":"csetup_chunk","chunk_label":"setup"},{"row":92,"row_count":1,"visible":true,"expansion_state":0,"options":{"engine":"r","echo":false,"label":"unnamed-chunk-47"},"document_id":"F419639F","chunk_id":"c360o5aqpbizv","chunk_label":"unnamed-chunk-4"},{"row":112,"row_count":1,"visible":true,"expansion_state":0,"options":{"engine":"r","echo":false,"label":"unnamed-chunk-24"},"document_id":"F419639F","chunk_id":"cbspi5cc4ewl3","chunk_label":"unnamed-chunk-5"}],"doc_write_time":1697861335,"working_dir":null,"default_chunk_options":{}}