{"chunk_definitions":[{"row":26,"row_count":1,"visible":true,"expansion_state":0,"options":{"engine":"r","label":"setup","include":false,"echo":false},"document_id":"F419639F","chunk_id":"csetup_chunk","chunk_label":"setup"},{"row":93,"row_count":1,"visible":true,"expansion_state":0,"options":{"engine":"r","echo":false,"label":"unnamed-chunk-13"},"document_id":"F419639F","chunk_id":"ckzofkceqcpch","chunk_label":"unnamed-chunk-3"},{"row":116,"row_count":1,"visible":true,"expansion_state":0,"options":{"engine":"r","echo":false,"label":"unnamed-chunk-18"},"document_id":"F419639F","chunk_id":"cycmfiz3huszv","chunk_label":"unnamed-chunk-4"},{"row":137,"row_count":1,"visible":true,"expansion_state":0,"options":{"engine":"r","echo":false,"label":"unnamed-chunk-23"},"document_id":"F419639F","chunk_id":"cqea32aduizhl","chunk_label":"unnamed-chunk-5"},{"row":161,"row_count":1,"visible":true,"expansion_state":0,"options":{"engine":"r","echo":false,"label":"unnamed-chunk-28"},"document_id":"F419639F","chunk_id":"cmv1uall2e9gy","chunk_label":"unnamed-chunk-6"},{"row":200,"row_count":1,"visible":true,"expansion_state":0,"options":{"engine":"r","echo":false,"label":"unnamed-chunk-31"},"document_id":"F419639F","chunk_id":"cs6s3zvn85bkn","chunk_label":"unnamed-chunk-8"}],"doc_write_time":1698613087,"working_dir":null,"default_chunk_options":{}}