{"chunk_definitions":[{"row":27,"row_count":1,"visible":true,"expansion_state":0,"options":{"engine":"r","label":"setup","include":false,"echo":false},"document_id":"F419639F","chunk_id":"csetup_chunk","chunk_label":"setup"},{"row":161,"row_count":1,"visible":true,"expansion_state":0,"options":{"engine":"r","echo":false,"label":"unnamed-chunk-9"},"document_id":"F419639F","chunk_id":"cmv1uall2e9gy","chunk_label":"unnamed-chunk-6"}],"doc_write_time":1698605932,"working_dir":null,"default_chunk_options":{}}